Country,City,Latitude,Longitude,Temperature (f),Humidity (%),Cloudiness (%),Wind Speed (mph),abs lat
in,basoda,23.6,78.18333299999999,75.12,96.0,80.0,6.67,23.6
us,hoover,33.4052778,-86.81138890000001,89.6,46.0,20.0,3.36,33.4052778
cn,tumen,42.966111,129.8425,51.72,96.0,88.0,1.97,42.966111
us,dundalk,39.250555600000006,-76.52083329999999,93.2,32.0,0.0,4.54,39.250555600000006
us,rosemead,34.080555600000004,-118.0719444,89.6,51.0,1.0,2.53,34.080555600000004
in,sambalpur,21.45,83.966667,78.72,94.0,92.0,6.22,21.45
us,ogden,41.2230556,-111.97305559999998,91.4,29.0,20.0,6.93,41.2230556
ru,prokopyevsk,53.9059,86.719,63.42,53.0,0.0,8.68,53.9059
us,oshkosh,44.0247222,-88.5425,84.2,30.0,1.0,9.17,44.0247222
ua,shostka,51.862956,33.469803999999996,70.44,65.0,48.0,5.44,51.862956
de,emden,53.36666700000001,7.216667,66.2,63.0,40.0,10.29,53.36666700000001
us,north charleston,32.8544444,-79.975,87.8,55.0,40.0,5.82,32.8544444
ve,barcelona,10.133333300000002,-64.7,81.6,98.0,20.0,4.43,10.133333300000002
cz,opava,49.93846,17.902628,64.4,82.0,20.0,2.24,49.93846
jp,noshiro,40.203889000000004,140.024167,68.91,98.0,100.0,8.68,40.203889000000004
jp,chigasaki,35.326111,139.403889,80.6,83.0,75.0,4.7,35.326111
in,jangipur,24.466667,88.06666700000001,81.78,90.0,92.0,8.01,24.466667
br,araras,-22.366667,-47.383333,62.6,67.0,75.0,5.82,22.366667
cn,hutang,31.533333000000002,119.483333,78.99,78.0,12.0,9.46,31.533333000000002
it,battipaglia,40.616667,14.966667000000001,78.8,61.0,20.0,3.36,40.616667
in,baruni,25.483333,85.983333,83.85,82.0,36.0,8.01,25.483333
us,detroit,42.33138889999999,-83.0458333,86.0,28.0,40.0,10.29,42.33138889999999
it,perugia,43.133333,12.366667,84.2,39.0,40.0,10.29,43.133333
bg,haskovo,41.9402778,25.5694444,71.6,64.0,0.0,11.41,41.9402778
us,sparks,39.535,-119.75166670000002,84.2,15.0,1.0,8.05,39.535
cn,ningbo,29.878186,121.549453,84.2,74.0,75.0,6.71,29.878186
br,teresopolis,-22.424064,-42.968013,64.4,93.0,90.0,8.05,22.424064
my,sandakan,5.8402,118.1179,80.6,94.0,75.0,2.24,5.8402
fr,saint-denis,48.934172,2.354805,68.0,48.0,0.0,6.93,48.934172
jp,shiraoka,36.016667,139.666667,80.6,83.0,75.0,4.76,36.016667
ru,ryazan,54.6269,39.6916,69.27,68.0,36.0,6.55,54.6269
cg,nkayi,-4.1655556,13.292777800000001,76.29,86.0,0.0,1.74,4.1655556
ng,hadejia,12.4498,10.0444,80.16,77.0,56.0,6.67,12.4498
de,grevenbroich,51.083333,6.5833330000000005,68.0,45.0,75.0,14.99,51.083333
cn,hengshan,45.2,130.916667,73.77,92.0,0.0,2.19,45.2
cn,weihai,37.501667,122.113611,71.79,94.0,100.0,5.99,37.501667
fi,espoo,60.216667,24.666667,60.8,77.0,0.0,5.82,60.216667
ca,moncton,46.083333,-64.766667,86.0,51.0,40.0,13.87,46.083333
co,santa marta,11.240791,-74.19904,87.8,70.0,75.0,11.41,11.240791
fr,courbevoie,48.897,2.2564,68.0,45.0,40.0,9.17,48.897
ba,tuzla,44.542777799999996,18.6694444,68.0,82.0,20.0,2.24,44.542777799999996
pk,charsadda,34.143453,71.73173100000001,88.71,60.0,80.0,4.43,34.143453
cz,hradec kralove,50.207744,15.829455,60.8,93.0,75.0,4.7,50.207744
rs,sabac,44.746666999999995,19.69,73.4,69.0,0.0,3.36,44.746666999999995
in,hisar,29.166666999999997,75.716667,83.94,76.0,44.0,7.45,29.166666999999997
br,sao borja,-28.65,-56.0,58.11,98.0,12.0,4.65,28.65
gb,dewsbury,53.7,-1.616667,73.4,52.0,0.0,9.17,53.7
cn,xinzhou,30.866667,114.8,63.87,99.0,92.0,2.75,30.866667
za,umtata,-31.588926,28.784431,53.6,71.0,0.0,6.93,31.588926
lk,moratuwa,6.7733333,79.8825,80.6,83.0,40.0,10.29,6.7733333
jp,ikoma,34.683333000000005,135.7,77.0,88.0,8.0,4.7,34.683333000000005
us,newton,42.33694439999999,-71.2097222,91.4,55.0,75.0,8.05,42.33694439999999
th,ayutthaya,14.351667,100.577389,78.8,88.0,75.0,6.93,14.351667
cn,enshi,30.3,109.483333,69.9,93.0,44.0,3.65,30.3
es,malaga,36.726665999999994,-4.4348019999999995,84.2,48.0,0.0,3.36,36.726665999999994
in,sasaram,24.95,84.033333,82.77,87.0,32.0,7.23,24.95
us,pittsburg,38.0280556,-121.88361110000001,89.6,30.0,1.0,8.05,38.0280556
pl,gdansk,54.36085,18.658291000000002,64.4,77.0,0.0,5.82,54.36085
br,crato,-7.233333,-39.383333,83.67,37.0,44.0,5.99,7.233333
bd,netrakona,24.8833333,90.7166667,78.45,99.0,92.0,9.01,24.8833333
us,thornton,39.868055600000005,-104.9713889,95.0,22.0,20.0,5.82,39.868055600000005
ua,smila,49.22242,31.887138,74.67,66.0,68.0,3.98,49.22242
us,flint,43.0125,-83.6875,86.0,26.0,1.0,9.17,43.0125
cn,guozhen,34.365907,107.359045,78.99,90.0,0.0,2.42,34.365907
ci,dabou,5.325556,-4.376853,80.6,83.0,75.0,6.93,5.325556
id,polewali,-3.4324,119.3435,77.01,82.0,76.0,8.12,3.4324
ly,ajdabiya,30.7591667,20.223055600000002,86.55,31.0,0.0,7.78,30.7591667
nl,amersfoort,52.156022,5.389526,66.2,52.0,40.0,12.75,52.156022
ar,viedma,-40.813452000000005,-62.996676,54.15,58.0,24.0,20.65,40.813452000000005
it,guidonia,42.016667,12.75,80.6,51.0,0.0,5.82,42.016667
za,durban,-29.857896000000004,31.029197999999997,69.54,100.0,8.0,3.76,29.857896000000004
mz,inhambane,-23.865,35.3833333,68.37,98.0,68.0,8.79,23.865
mx,lagos de moreno,21.35,-101.916667,73.4,49.0,75.0,5.82,21.35
se,umea,63.833332999999996,20.25,73.4,33.0,0.0,5.82,63.833332999999996
ru,kamensk-shakhtinskiy,48.317794,40.259475,81.96,33.0,0.0,8.68,48.317794
in,shajapur,23.433332999999998,76.266667,75.39,93.0,68.0,11.03,23.433332999999998
us,renton,47.48305560000001,-122.21583329999999,66.2,72.0,75.0,3.42,47.48305560000001
cn,shenjiamen,29.957625,122.29801699999999,82.05,89.0,100.0,27.58,29.957625
ro,resita,45.300833000000004,21.889167,69.8,83.0,20.0,9.17,45.300833000000004
my,cukai,4.25,103.416667,77.0,94.0,92.0,1.07,4.25
ru,cheboksary,56.132222,47.251944,66.2,88.0,40.0,4.47,56.132222
us,hillsboro,45.523055600000006,-122.9886111,89.6,52.0,20.0,8.05,45.523055600000006
bo,oruro,-17.9833333,-67.15,60.8,29.0,20.0,6.93,17.9833333
in,obra,24.416667,82.983333,77.82,96.0,48.0,2.53,24.416667
th,yala,6.539946,101.281284,79.89,69.0,92.0,5.1,6.539946
ru,neryungri,56.6709,124.6491,49.65,87.0,12.0,2.75,56.6709
id,singaraja,-8.1127,115.0949,78.8,74.0,20.0,11.41,8.1127
cn,shima,24.447778,117.81111100000001,70.62,93.0,88.0,2.75,24.447778
ru,dzerzhinsk,56.241431999999996,43.455393,66.2,93.0,40.0,6.71,56.241431999999996
sd,kassala,15.455833300000002,36.398888899999996,79.62,56.0,20.0,3.53,15.455833300000002
pe,barranca,-10.75,-77.7666667,61.35,100.0,20.0,10.25,10.75
th,khlong luang,14.064667000000002,100.645778,80.6,88.0,75.0,6.93,14.064667000000002
in,wokha,26.1,94.266667,74.49,95.0,80.0,2.98,26.1
cn,xianshuigu,38.985,117.382778,75.2,73.0,0.0,2.24,38.985
us,erie,42.1291667,-80.0852778,82.4,57.0,90.0,9.17,42.1291667
ug,kabale,-1.3261111,30.003888899999996,65.85,70.0,80.0,3.09,1.3261111
jp,mitaka,35.683333000000005,139.55,80.6,83.0,75.0,4.7,35.683333000000005
jp,muroran,42.317221999999994,140.988056,61.62,100.0,92.0,0.96,42.317221999999994
ua,makiyivka,48.047816,37.925764,85.38,28.0,32.0,6.22,48.047816
de,friedrichshafen,47.65,9.483333,69.8,56.0,0.0,5.82,47.65
in,karnal,29.683333,76.983333,87.18,71.0,56.0,11.48,29.683333
us,jackson,35.6144444,-88.81388890000001,89.6,59.0,40.0,3.36,35.6144444
in,sidhi,24.416667,81.883333,78.45,94.0,56.0,4.09,24.416667
us,rocky mount,35.938055600000006,-77.7908333,91.4,38.0,1.0,4.7,35.938055600000006
fr,dijon,47.316666999999995,5.016667,71.6,40.0,0.0,13.87,47.316666999999995
us,allentown,40.6083333,-75.4905556,93.2,36.0,1.0,8.05,40.6083333
in,jahanabad,25.216667,84.983333,86.0,79.0,40.0,6.93,25.216667
cn,tongchuan,34.898799,108.950562,71.6,88.0,40.0,11.18,34.898799
pt,odivelas,38.795234,-9.187387,73.4,77.0,20.0,6.93,38.795234
id,ponorogo,-7.8685,111.462,63.15,96.0,36.0,3.09,7.8685
us,milwaukee,43.038888899999996,-87.90638890000001,84.2,39.0,1.0,4.7,43.038888899999996
hn,el progreso,15.4,-87.8,87.8,74.0,40.0,11.41,15.4
nl,heerhugowaard,52.663987,4.827289,66.2,68.0,0.0,11.41,52.663987
cl,los angeles,-37.466667,-72.35,55.4,66.0,90.0,4.7,37.466667
mx,miramar,22.266667,-97.8,75.2,57.0,75.0,5.82,22.266667
ng,ilobu,7.8333330000000005,4.483333,73.77,97.0,76.0,4.54,7.8333330000000005
it,legnano,45.6,8.9,82.4,57.0,20.0,4.7,45.6
us,murfreesboro,35.845555600000004,-86.39027779999999,89.6,52.0,75.0,9.17,35.845555600000004
in,patan,23.833333,72.116667,93.12,50.0,88.0,6.67,23.833333
ar,bahia blanca,-38.719595,-62.272431999999995,53.43,70.0,12.0,20.87,38.719595
br,salvador,-12.983333,-38.516667,80.6,69.0,75.0,6.93,12.983333
jp,iwade,34.25,135.316667,77.0,88.0,32.0,4.7,34.25
cn,suixi,33.890673,116.774725,79.08,94.0,68.0,9.46,33.890673
al,elbasan,41.1125,20.082222199999997,73.4,72.0,40.0,2.24,41.1125
cn,tahe,52.333333,124.733333,51.72,89.0,36.0,2.19,52.333333
ng,bauchi,10.313441000000001,9.843273,69.09,98.0,68.0,3.53,10.313441000000001
tr,adilcevaz,38.803893,42.734218,71.6,40.0,0.0,3.36,38.803893
lk,hendala,6.983888900000001,79.87638890000001,80.6,83.0,40.0,10.29,6.983888900000001
bd,jamalpur,24.9166667,89.9333333,77.91,98.0,92.0,8.57,24.9166667
ao,uige,-7.613282000000001,15.056621,70.71,48.0,0.0,2.75,7.613282000000001
cn,chaohu,31.6,117.86666699999999,80.6,100.0,0.0,4.47,31.6
tr,cubuk,40.238611,33.032222999999995,86.0,44.0,0.0,11.41,40.238611
af,taloqan,36.734133,69.533559,67.65,57.0,12.0,1.97,36.734133
za,nelspruit,-25.474482000000002,30.970333,59.0,58.0,20.0,6.93,25.474482000000002
cn,yongzhou,26.423889000000003,111.613056,76.65,91.0,0.0,2.19,26.423889000000003
it,foligno,42.95,12.7,84.2,39.0,40.0,10.29,42.95
ng,abeokuta,7.15,3.35,78.8,88.0,20.0,6.93,7.15
pg,lae,-6.7333333,147.0,67.74,100.0,68.0,1.63,6.7333333
si,ljubljana,46.0552778,14.514444400000002,69.8,88.0,75.0,2.24,46.0552778
np,gulariya,28.233333299999998,81.33333329999999,79.35,84.0,64.0,3.98,28.233333299999998
us,grand prairie,32.7458333,-96.9975,95.0,49.0,75.0,5.82,32.7458333
cn,longyan,25.107222,117.0225,70.35,79.0,0.0,1.74,25.107222
in,nimbahera,24.616667,74.68333299999999,74.22,99.0,92.0,2.75,24.616667
br,coronel fabriciano,-19.516667,-42.633333,87.8,45.0,0.0,10.29,19.516667
de,leverkusen,51.016667,6.983333,68.0,87.0,75.0,17.22,51.016667
gb,basingstoke,51.266667,-1.083333,71.6,46.0,20.0,10.29,51.266667
ru,samara,53.1835,50.1182,71.6,60.0,0.0,4.47,53.1835
in,srinagar,34.092222,74.802222,46.23,69.0,44.0,2.42,34.092222
es,sant cugat del valles,41.471379,2.081834,84.2,54.0,0.0,8.05,41.471379
us,fort collins,40.5852778,-105.08388889999999,89.6,23.0,1.0,9.17,40.5852778
za,orkney,-26.980232,26.672717,53.25,85.0,88.0,2.75,26.980232
af,kholm,36.697362,67.698255,100.4,6.0,5.0,14.99,36.697362
br,sao mateus,-18.733333,-39.85,77.55,83.0,0.0,12.59,18.733333
in,patna,25.6,85.116667,86.0,79.0,40.0,6.93,25.6
ar,rio cuarto,-33.130671,-64.349918,55.4,47.0,75.0,28.86,33.130671
pl,olsztyn,53.779949,20.494162,71.97,56.0,80.0,8.57,53.779949
ua,rubizhne,49.012285999999996,38.379672,80.07,36.0,0.0,5.77,49.012285999999996
rs,subotica,46.1,19.666667,69.8,88.0,40.0,6.93,46.1
ua,kirovohrad,48.513199,32.259702000000004,77.82,46.0,64.0,7.56,48.513199
ca,abbotsford,49.05,-122.3,62.6,72.0,75.0,10.29,49.05
cn,lujiang,31.233572,117.280566,80.6,100.0,0.0,4.47,31.233572
jo,irbid,32.555556,35.85,78.8,50.0,0.0,5.82,32.555556
fr,amiens,49.9,2.3,64.4,77.0,90.0,13.82,49.9
eg,beni mazar,28.503611100000004,30.7991667,87.72,22.0,0.0,7.23,28.503611100000004
cn,shouguang,36.88,118.7375,69.9,95.0,76.0,2.98,36.88
in,delhi,28.666666999999997,77.216667,89.6,66.0,75.0,13.87,28.666666999999997
it,lucca,43.833333,10.483333,84.2,74.0,0.0,5.82,43.833333
fr,brest,48.390756,-4.486165,75.2,53.0,0.0,8.05,48.390756
ng,agulu,6.11,7.0724,80.7,78.0,76.0,7.0,6.11
cn,hengyang,26.888056,112.615,78.27,92.0,0.0,2.64,26.888056
do,bajos de haina,18.4166667,-70.0333333,77.0,88.0,90.0,0.51,18.4166667
us,la habra,33.9319444,-117.9452778,89.6,51.0,1.0,2.53,33.9319444
nl,oosterhout,51.65,4.883333,68.0,59.0,80.0,9.17,51.65
fr,calais,50.951240999999996,1.8589900000000001,64.4,68.0,75.0,9.17,50.951240999999996
tz,tanga,-5.0666667,39.1,73.23,88.0,76.0,9.24,5.0666667
id,dukuhturi,-6.8865,108.8432,64.59,94.0,8.0,2.42,6.8865
ng,azare,11.6765,10.1948,81.42,62.0,88.0,2.19,11.6765
br,canoas,-29.933333,-51.183333000000005,60.8,72.0,75.0,9.17,29.933333
in,rupnagar,30.966389000000003,76.533056,74.67,94.0,48.0,3.09,30.966389000000003
tr,fatsa,41.027778000000005,37.501389,68.91,79.0,0.0,1.63,41.027778000000005
bd,gazipur,23.8,90.65,82.4,83.0,40.0,9.17,23.8
cn,tianjin,39.142222,117.176667,75.2,73.0,0.0,2.24,39.142222
nl,alphen,52.135141,4.654932,68.0,48.0,8.0,10.29,52.135141
ar,lujan,-34.570278,-59.105,50.19,58.0,92.0,11.7,34.570278
ir,fasa,28.9383,53.6482,93.2,23.0,0.0,11.41,28.9383
cn,yizheng,32.269166999999996,119.17888899999998,61.62,99.0,8.0,3.09,32.269166999999996
ro,slatina,44.433333000000005,24.366667,68.0,82.0,88.0,6.11,44.433333000000005
id,cianjur,-6.822222,107.139444,73.32,87.0,76.0,1.74,6.822222
ir,abyek,36.03993,50.531015000000004,89.6,17.0,20.0,4.7,36.03993
co,barrancabermeja,7.065278,-73.854722,86.0,70.0,40.0,3.36,7.065278
cn,didao,45.366667,130.8,60.54,93.0,0.0,2.19,45.366667
gb,cannock,52.683333,-2.016667,71.6,43.0,0.0,6.93,52.683333
ar,corrientes,-27.480596000000002,-58.834099,60.8,48.0,40.0,5.82,27.480596000000002
us,west palm beach,26.715,-80.0536111,91.4,66.0,75.0,10.29,26.715
jp,kimitsu,35.325278000000004,139.89111100000002,80.6,83.0,75.0,4.7,35.325278000000004
it,brindisi,40.633333,17.933332999999998,82.4,69.0,0.0,2.24,40.633333
ua,izyum,49.208754,37.248484999999995,80.34,42.0,24.0,4.21,49.208754
br,cabedelo,-6.966667,-34.833333,75.12,100.0,92.0,12.15,6.966667
in,kandi,23.95,88.033333,75.2,94.0,90.0,9.17,23.95
br,barreiras,-12.133333,-45.0,85.56,40.0,0.0,6.22,12.133333
id,majalengka,-6.836111,108.227778,72.87,77.0,36.0,3.98,6.836111
br,crateus,-5.1666669999999995,-40.666667,82.59,54.0,64.0,10.69,5.1666669999999995
jp,kitakami,39.283333,141.116667,70.89,98.0,92.0,2.64,39.283333
ph,concepcion,15.325459,120.65723100000001,77.0,94.0,75.0,4.7,15.325459
es,mostoles,40.320923,-3.8628489999999998,95.0,24.0,0.0,5.82,40.320923
in,islampur,26.266666999999998,88.2,79.71,96.0,44.0,5.1,26.266666999999998
ir,kazerun,29.619490999999996,51.654146999999995,89.79,13.0,12.0,4.99,29.619490999999996
nl,zeist,52.094411,5.241944,66.2,63.0,20.0,12.75,52.094411
us,surprise,33.6305556,-112.3325,87.8,55.0,40.0,5.82,33.6305556
us,chino,34.012222200000004,-117.68805559999998,89.6,35.0,1.0,2.53,34.012222200000004
in,jorhat,26.75,94.216667,76.74,93.0,92.0,4.54,26.75
in,ahmadnagar,19.083333,74.733333,74.04,86.0,56.0,10.58,19.083333
id,purwokerto,-7.421389,109.234444,64.59,94.0,8.0,2.42,7.421389
ru,kislovodsk,43.913333,42.720833,84.2,45.0,0.0,6.71,43.913333
in,achalpur,21.257222,77.508611,74.49,95.0,92.0,9.01,21.257222
in,badlapur,19.15,73.266667,82.4,88.0,75.0,12.75,19.15
in,dhanbad,23.8,86.45,79.17,94.0,76.0,4.21,23.8
tz,ushirombo,-3.4919443999999995,31.963888899999997,67.2,63.0,8.0,3.76,3.4919443999999995
es,gandia,38.967418,-0.18158,84.2,54.0,20.0,9.17,38.967418
it,aprilia,41.6,12.65,84.2,51.0,0.0,5.82,41.6
cn,guangyuan,32.442015000000005,105.82299599999999,69.27,99.0,92.0,1.97,32.442015000000005
tw,yangmei,24.9166667,121.13333329999999,80.6,94.0,75.0,28.86,24.9166667
tz,bukoba,-1.3316667,31.8122222,71.52,81.0,0.0,7.11,1.3316667
mg,toamasina,-18.1666667,49.3833333,66.2,93.0,75.0,6.93,18.1666667
ru,cherepovets,59.13333299999999,37.9,66.3,81.0,76.0,6.11,59.13333299999999
de,karlsruhe,49.004721999999994,8.385833,68.0,45.0,0.0,5.82,49.004721999999994
us,the woodlands,30.157777799999998,-95.4891667,91.4,55.0,75.0,3.76,30.157777799999998
kz,shakhtinsk,49.71,72.587222,66.2,82.0,75.0,2.24,49.71
id,pontianak,-0.033333,109.33333300000001,74.49,100.0,88.0,9.24,0.033333
us,lawrence,42.7069444,-71.1636111,96.8,41.0,1.0,5.82,42.7069444
cn,shaowu,27.340891,117.483096,71.52,84.0,0.0,1.97,27.340891
jp,shiroi,35.8,140.066667,80.6,100.0,75.0,3.36,35.8
jp,toda,35.809444,139.6925,80.6,83.0,75.0,4.7,35.809444
cn,xihe,31.686355,113.465846,57.39,99.0,92.0,2.08,31.686355
bd,palang,23.216666699999998,90.35,79.44,99.0,92.0,9.69,23.216666699999998
cn,hunchun,42.8675,130.358056,58.74,99.0,92.0,1.19,42.8675
jp,suita,34.75,135.533333,77.0,88.0,8.0,4.7,34.75
ru,tyumen,57.152221999999995,65.527222,62.6,88.0,75.0,11.18,57.152221999999995
in,mansa,29.983333000000002,75.383333,82.4,88.0,75.0,10.29,29.983333000000002
ht,petionville,18.5125,-72.28527779999999,95.0,47.0,20.0,20.8,18.5125
mx,guasave,25.566667000000002,-108.45,91.4,38.0,5.0,5.82,25.566667000000002
in,kollam,8.880556,76.591667,75.2,94.0,90.0,6.93,8.880556
py,limpio,-25.183332999999998,-57.533333,60.8,48.0,20.0,6.93,25.183332999999998
zw,gweru,-19.45,29.816666700000003,54.42,86.0,0.0,10.69,19.45
de,ulm,48.4,10.0,66.2,59.0,75.0,2.24,48.4
cn,beipiao,41.791944,120.77916699999999,70.35,86.0,80.0,1.74,41.791944
vn,hoa binh,20.813333,105.338333,78.8,100.0,75.0,6.93,20.813333
us,gulfport,30.3672222,-89.0927778,91.4,55.0,40.0,5.82,30.3672222
jp,tenri,34.583333,135.833333,77.0,88.0,8.0,4.7,34.583333
cn,weinan,34.503546,109.508908,71.6,88.0,40.0,11.18,34.503546
gb,brighton,50.833333,-0.15,69.8,49.0,20.0,8.05,50.833333
in,nangloi jat,28.683333,77.06666700000001,89.6,66.0,75.0,13.87,28.683333
ec,santo domingo,-0.25,-79.15,80.6,57.0,20.0,4.7,0.25
eg,qena,26.17,32.7272222,90.51,22.0,0.0,9.46,26.17
rs,zrenjanin,45.383611,20.381944,73.4,77.0,0.0,3.36,45.383611
bj,cotonou,6.35,2.4333332999999997,78.8,88.0,40.0,10.29,6.35
tr,van,38.492393,43.383109999999995,71.6,40.0,0.0,3.36,38.492393
us,carson,33.83138889999999,-118.2811111,87.8,61.0,1.0,5.82,33.83138889999999
in,ambur,12.783333,78.7,72.6,83.0,44.0,8.23,12.783333
ca,barrie,44.383333,-79.7,82.4,50.0,20.0,9.17,44.383333
my,ulu tiram,1.5999,103.8214,80.6,83.0,75.0,2.24,1.5999
us,pensacola,30.421111100000005,-87.2169444,91.4,59.0,40.0,11.41,30.421111100000005
us,edison,40.5186111,-74.4125,89.6,45.0,1.0,3.36,40.5186111
br,varzea grande,-15.65,-56.13333299999999,60.8,72.0,75.0,9.17,15.65
sk,poprad,49.05,20.3,60.8,82.0,75.0,6.93,49.05
be,tournai,50.6,3.3833330000000004,60.8,82.0,90.0,11.41,50.6
my,banting,2.816667,101.5,78.8,88.0,75.0,3.2,2.816667
cn,yudong,29.385,106.519444,81.42,87.0,92.0,16.62,29.385
jp,natori,38.166667,140.883333,71.52,96.0,88.0,3.2,38.166667
us,waco,31.5491667,-97.1463889,96.8,38.0,5.0,5.82,31.5491667
ir,abhar,36.1468,49.218,73.86,41.0,0.0,4.21,36.1468
eg,ismailia,30.5833333,32.2666667,84.03,48.0,0.0,11.25,30.5833333
us,sunrise manor,36.211111100000004,-115.07222220000001,87.8,48.0,1.0,3.53,36.211111100000004
cn,longfeng,46.55,125.11666699999999,75.2,100.0,75.0,4.47,46.55
th,hua hin,12.530722,99.880861,78.27,100.0,92.0,17.63,12.530722
co,espinal,4.149245,-74.884292,86.0,45.0,75.0,5.82,4.149245
cn,helong,42.539744,128.99722,73.95,88.0,0.0,2.42,42.539744
ca,nanaimo,49.15,-123.91666699999999,68.0,60.0,75.0,5.82,49.15
ca,chilliwack,49.166667,-121.95,62.6,72.0,90.0,6.93,49.166667
sk,bratislava,48.15,17.1166667,68.0,82.0,0.0,8.05,48.15
il,ashdod,31.792133000000003,34.649656,80.6,69.0,20.0,6.93,31.792133000000003
de,halle,51.5,12.0,64.4,52.0,76.0,11.41,51.5
cn,zhenjiang,32.209167,119.43416699999999,80.6,88.0,0.0,6.71,32.209167
cn,changying,34.116667,114.6,51.9,85.0,76.0,3.2,34.116667
br,rio de janeiro,-22.9,-43.233333,64.4,93.0,90.0,9.17,22.9
br,foz do iguacu,-25.55,-54.583332999999996,60.8,62.0,75.0,5.82,25.55
it,moncalieri,45.0,7.683333,78.8,65.0,75.0,4.7,45.0
ug,mukono,0.3533333,32.7552778,73.4,64.0,20.0,5.82,0.3533333
cn,xingtai,37.063056,114.49416699999999,73.23,94.0,92.0,3.2,37.063056
ng,uromi,6.707294,6.328434,74.04,100.0,24.0,4.21,6.707294
ru,kazan,55.788740000000004,49.122144,66.2,77.0,20.0,6.71,55.788740000000004
pl,tomaszow mazowiecki,51.538614,20.017606,68.0,64.0,0.0,3.36,51.538614
id,malang,-7.9797,112.6304,66.39,79.0,44.0,2.08,7.9797
gb,darlington,54.533333,-1.566667,66.2,63.0,20.0,12.75,54.533333
cn,longjiang,47.330278,123.18361100000001,65.85,88.0,8.0,3.09,47.330278
za,tembisa,-25.996363,28.226802000000003,57.2,62.0,20.0,5.82,25.996363
fr,levallois-perret,48.893889,2.2886349999999998,68.0,48.0,0.0,6.93,48.893889
ir,yazd,31.897221999999996,54.3675,96.8,8.0,36.0,11.41,31.897221999999996
id,sewon,-7.684722,110.46638899999999,64.32,96.0,0.0,3.2,7.684722
gb,newport,51.583333,-2.983333,75.2,43.0,20.0,8.05,51.583333
bg,pleven,43.4166667,24.6166667,64.59,89.0,76.0,4.99,43.4166667
us,pasadena,34.1477778,-118.1436111,89.6,51.0,1.0,5.82,34.1477778
za,standerton,-26.933654999999998,29.241518,42.54,80.0,0.0,5.21,26.933654999999998
ng,ikorodu,6.615483,3.5086730000000004,78.8,88.0,20.0,6.93,6.615483
np,hetauda,27.4166667,85.0333333,71.6,94.0,75.0,4.7,27.4166667
cm,ebolowa,2.9,11.15,72.51,87.0,56.0,2.19,2.9
in,vejalpur,22.683332999999998,73.56666700000001,82.4,88.0,75.0,10.29,22.683332999999998
pe,tacna,-18.0055556,-70.2483333,66.2,59.0,20.0,5.82,18.0055556
ir,takab,36.4009,47.1133,70.71,34.0,0.0,3.53,36.4009
de,weimar,50.983333,11.316667,57.2,82.0,75.0,6.93,50.983333
ng,keffi,8.848611,7.873611,76.83,88.0,68.0,3.76,8.848611
ph,lucena,13.9348,121.6127,77.19,100.0,92.0,10.58,13.9348
de,sankt augustin,50.766667,7.183333,68.0,87.0,75.0,17.22,50.766667
us,mountain view,37.3861111,-122.08277779999999,84.2,68.0,0.0,14.99,37.3861111
cn,babu,24.416667,111.516667,66.03,94.0,80.0,1.63,24.416667
ci,korhogo,9.458031,-5.629608,82.14,77.0,0.0,8.23,9.458031
ua,chernivtsi,48.291488,25.940341,73.4,60.0,20.0,2.75,48.291488
tr,corum,40.548889,34.953333,68.37,63.0,48.0,2.64,40.548889
in,aizawl,23.724444000000002,92.7175,73.95,95.0,92.0,0.74,23.724444000000002
jp,kobe,34.691303999999995,135.182995,77.0,88.0,8.0,4.7,34.691303999999995
co,fundacion,10.520664,-74.185037,72.06,86.0,48.0,1.63,10.520664
in,bahadurgarh,28.683333,76.916667,89.6,66.0,75.0,13.87,28.683333
cn,xiaoweizhai,26.190278,107.5125,70.35,94.0,76.0,5.1,26.190278
cn,qingquan,30.45113,115.255931,58.65,99.0,100.0,3.53,30.45113
cd,kabinda,-6.133333,24.483333,76.74,32.0,0.0,7.11,6.133333
in,ongole,15.5,80.05,84.57,62.0,64.0,13.49,15.5
jp,ichihara,35.516667,140.083333,80.6,83.0,75.0,4.7,35.516667
in,veraval,20.9,70.366667,80.25,95.0,76.0,17.63,20.9
pl,kielce,50.833333,20.666667,73.05,54.0,68.0,3.98,50.833333
cn,qingdao,36.098611,120.371944,73.4,100.0,75.0,2.24,36.098611
in,gohana,29.133333,76.7,87.18,71.0,56.0,11.48,29.133333
in,suratgarh,29.316667,73.9,92.31,53.0,24.0,3.65,29.316667
uz,namangan,40.9952778,71.6725,87.8,31.0,0.0,2.24,40.9952778
cn,lishan,34.378027,109.208925,62.97,95.0,92.0,2.42,34.378027
us,waterbury,41.5580556,-73.0519444,91.4,40.0,1.0,5.82,41.5580556
de,stralsund,54.3,13.1,62.6,77.0,75.0,6.93,54.3
br,ariquemes,-9.933333,-63.066667,79.71,41.0,0.0,5.21,9.933333
gr,thessaloniki,40.6402778,22.9438889,77.0,53.0,20.0,2.24,40.6402778
in,banswara,23.55,74.45,81.96,74.0,56.0,13.27,23.55
es,castelldefels,41.277658,1.968755,84.2,69.0,0.0,12.75,41.277658
pl,leszno,51.848268,16.570220000000003,69.8,60.0,0.0,5.82,51.848268
lk,galle,6.0536110999999995,80.2116667,78.54,95.0,24.0,7.45,6.0536110999999995
in,diphu,25.833333,93.43333299999999,77.73,88.0,56.0,2.08,25.833333
ru,noginsk,55.866466,38.443799,66.2,72.0,40.0,6.71,55.866466
de,hamm,51.683333000000005,7.8,64.4,87.0,0.0,3.36,51.683333000000005
my,alor setar,6.121045,100.360137,80.6,94.0,75.0,2.24,6.121045
eg,tahta,26.768055600000004,31.493888899999998,88.08,30.0,0.0,7.11,26.768055600000004
cn,fuli,46.721667,131.139444,75.03,86.0,0.0,2.64,46.721667
pk,rohri,27.692233,68.895062,97.71,38.0,0.0,13.49,27.692233
tr,osmaniye,37.074166999999996,36.247778000000004,74.67,78.0,0.0,4.21,37.074166999999996
us,port arthur,29.898611100000004,-93.9286111,89.6,66.0,75.0,4.7,29.898611100000004
fi,pori,61.483332999999995,21.783333,75.2,33.0,0.0,6.93,61.483332999999995
gb,redditch,52.3,-1.9333330000000002,75.2,43.0,0.0,6.93,52.3
us,brandon,27.9375,-82.28611109999999,82.4,57.0,1.0,9.17,27.9375
cn,xining,36.616667,101.766667,49.92,96.0,92.0,2.53,36.616667
mx,zitacuaro,19.4,-100.366667,68.46,84.0,20.0,2.75,19.4
in,chik ballapur,13.434167,77.72416700000001,71.6,100.0,75.0,10.29,13.434167
jp,hasuda,35.975556,139.650833,80.6,83.0,75.0,4.76,35.975556
br,curvelo,-18.75,-44.416667,82.95,50.0,0.0,4.54,18.75
tr,mardin,37.313092,40.743569,89.6,11.0,0.0,9.17,37.313092
in,viramgam,23.116667,72.033333,82.4,88.0,75.0,10.29,23.116667
cn,shaoyang,26.965892999999998,111.241376,75.57,91.0,0.0,2.42,26.965892999999998
br,viana,-20.383333,-40.5,84.2,54.0,0.0,12.75,20.383333
in,erode,11.35,77.733333,71.79,97.0,92.0,8.68,11.35
us,union city,40.779444399999996,-74.0241667,89.6,66.0,40.0,4.65,40.779444399999996
id,cicalengka,-6.932222,107.47027800000001,80.6,83.0,40.0,3.36,6.932222
fr,mulhouse,47.738082,7.347932000000001,71.6,53.0,75.0,6.93,47.738082
in,pimpri,18.616667,73.8,70.53,99.0,76.0,9.46,18.616667
cn,shiyan,32.6475,110.778056,72.51,98.0,88.0,1.74,32.6475
ir,bandar-e anzali,37.4727,49.4622,69.09,88.0,0.0,0.96,37.4727
pe,paita,-5.0841667,-81.1105556,75.2,69.0,0.0,17.22,5.0841667
ru,shakhty,47.709106,40.214434000000004,83.22,30.0,24.0,8.57,47.709106
us,loveland,40.3977778,-105.07444440000002,89.6,23.0,1.0,9.17,40.3977778
in,faridabad,28.433333,77.31666700000001,89.6,66.0,75.0,13.87,28.433333
it,reggio di calabria,38.1,15.65,78.8,73.0,0.0,3.36,38.1
cn,haicheng,40.851582,122.74753700000001,71.07,89.0,48.0,6.67,40.851582
ao,soyo,-6.1349029999999996,12.368935,75.57,74.0,0.0,6.55,6.1349029999999996
ru,kingisepp,59.373314,28.613433,66.12,67.0,80.0,3.65,59.373314
cn,dancheng,33.633333,115.183333,77.01,94.0,24.0,5.55,33.633333
es,salamanca,40.9681,-5.66202,84.2,39.0,20.0,2.24,40.9681
us,petaluma,38.2325,-122.63555559999999,89.6,36.0,1.0,12.75,38.2325
pl,elk,53.826478,22.365416,72.15,57.0,36.0,5.99,53.826478
it,vicenza,45.55,11.55,78.8,78.0,40.0,3.36,45.55
us,kendall,25.6788889,-80.3175,91.4,66.0,75.0,5.82,25.6788889
ar,rio tercero,-32.173008,-64.11405500000001,55.14,46.0,0.0,22.21,32.173008
th,udon thani,17.415667000000003,102.785889,74.04,98.0,92.0,3.65,17.415667000000003
cn,mengcheng,33.266109,116.566052,80.97,90.0,8.0,8.68,33.266109
co,fusagasuga,4.336463,-74.36377900000001,62.6,55.0,40.0,18.34,4.336463
pl,mielec,50.286188,21.432657,71.6,56.0,0.0,4.7,50.286188
de,lunen,51.616667,7.516667,68.0,87.0,0.0,3.36,51.616667
mx,coacalco,19.631667,-99.11027800000001,84.12,37.0,0.0,4.65,19.631667
in,tiptur,13.258610999999998,76.47833299999999,66.75,96.0,92.0,10.47,13.258610999999998
ru,novorossiysk,44.724385999999996,37.767524,84.2,62.0,0.0,8.95,44.724385999999996
id,bondowoso,-7.9159,113.8256,65.67,95.0,8.0,2.98,7.9159
ve,caracas,10.5,-66.91666670000001,84.2,79.0,75.0,6.93,10.5
in,ingraj bazar,25.0,88.15,80.61,89.0,24.0,8.79,25.0
tw,keelung,25.1313889,121.7375,80.6,94.0,75.0,28.86,25.1313889
mx,tepic,21.5,-104.9,75.2,73.0,90.0,2.75,21.5
ru,naro-fominsk,55.38751800000001,36.733074,64.4,82.0,75.0,8.95,55.38751800000001
za,queenstown,-31.897563,26.875328999999997,43.17,86.0,0.0,4.43,31.897563
br,sao sebastiao do paraiso,-20.916667,-47.0,59.37,92.0,92.0,8.01,20.916667
ir,borazjan,29.2666,51.2159,93.2,34.0,0.0,4.7,29.2666
br,fortaleza,-3.316667,-41.416667,78.8,83.0,75.0,3.36,3.316667
jp,soja,34.666667,133.75,68.91,91.0,0.0,2.42,34.666667
in,dabra,25.9,78.333333,93.2,59.0,40.0,6.55,25.9
us,norwalk,41.1175,-73.4083333,87.8,69.0,75.0,6.93,41.1175
ng,abuja,9.180515,7.179327000000001,79.71,86.0,88.0,3.2,9.180515
ni,masaya,11.9666667,-86.1,91.4,49.0,40.0,16.11,11.9666667
us,bloomington,40.4841667,-88.9936111,91.4,55.0,40.0,6.93,40.4841667
id,blora,-6.9698,111.4186,73.41,72.0,32.0,5.44,6.9698
us,sacramento,38.5816667,-121.49333329999999,87.8,33.0,1.0,5.82,38.5816667
cn,rizhao,35.390278,119.545833,74.31,96.0,48.0,4.65,35.390278
lt,kaunas,54.9,23.9,69.8,64.0,0.0,3.36,54.9
re,saint-denis,-20.8666667,55.466666700000005,68.0,56.0,20.0,10.29,20.8666667
es,almeria,36.833333,-2.45,75.2,78.0,20.0,3.36,36.833333
in,nagapattinam,10.766667,79.833333,81.24,71.0,76.0,10.69,10.766667
gt,amatitlan,14.4875,-90.615278,93.2,60.0,40.0,23.04,14.4875
in,lakhimpur,27.95,80.766667,76.74,93.0,92.0,4.54,27.95
in,mettur,11.8,77.8,69.45,100.0,92.0,3.76,11.8
cn,huaiyuan,32.958933,117.16565800000001,79.98,83.0,20.0,10.02,32.958933
pk,burewala,30.161423,72.681512,92.31,50.0,0.0,6.78,30.161423
cm,bafoussam,5.4666667,10.416666699999999,65.31,94.0,92.0,2.19,5.4666667
id,mlati,-7.733333,110.36666699999999,76.65,69.0,80.0,7.0,7.733333
br,atibaia,-23.124167,-46.562222,64.4,93.0,90.0,3.36,23.124167
in,gondal,21.966667,70.8,77.91,94.0,88.0,9.01,21.966667
cn,pingshan,22.993761,114.713109,73.23,99.0,100.0,3.42,22.993761
cn,handan,36.566666999999995,114.53333300000001,72.69,97.0,92.0,4.99,36.566666999999995
ve,yaritagua,10.08,-69.12611109999999,86.0,55.0,40.0,8.05,10.08
ni,managua,12.150833300000002,-86.2683333,91.4,49.0,40.0,16.11,12.150833300000002
ru,murom,55.575,42.0426,68.37,74.0,64.0,7.11,55.575
cf,bangui,4.366666700000001,18.5833333,82.4,69.0,20.0,2.24,4.366666700000001
ru,klimovsk,55.363521,37.529841,66.2,88.0,75.0,8.95,55.363521
de,hurth,50.866667,6.866667,68.0,87.0,40.0,19.46,50.866667
id,pati,-6.7559,111.038,78.45,92.0,92.0,2.98,6.7559
ve,villa del rosario,10.316666699999999,-72.3166667,81.78,76.0,32.0,3.65,10.316666699999999
us,union,40.6975,-74.26361109999999,66.2,72.0,90.0,3.36,40.6975
ec,el carmen,-1.3166666999999999,-80.0166667,85.83,77.0,0.0,4.54,1.3166666999999999
is,reykjavik,64.15,-21.95,50.0,87.0,90.0,13.87,64.15
in,baramati,18.15,74.583333,69.72,97.0,92.0,5.55,18.15
us,westminster,39.8366667,-105.03666670000001,87.8,69.0,75.0,6.93,39.8366667
hu,pecs,46.075363,18.232845,73.59,79.0,36.0,2.19,46.075363
br,picos,-7.0833330000000005,-41.466667,92.85,30.0,0.0,5.77,7.0833330000000005
de,neumunster,54.066667,9.983333,66.2,59.0,40.0,11.41,54.066667
id,klaten,-7.705833,110.606389,64.32,96.0,0.0,3.2,7.705833
jp,yatsushiro,32.5,130.6,70.89,89.0,32.0,2.19,32.5
in,chhindwara,22.066667000000002,78.93333299999999,72.87,97.0,80.0,6.22,22.066667000000002
us,council bluffs,41.2619444,-95.8608333,93.2,55.0,1.0,3.36,41.2619444
ca,sherbrooke,45.4,-71.9,77.0,73.0,75.0,19.46,45.4
nl,breda,51.566666999999995,4.8,68.0,59.0,80.0,9.17,51.566666999999995
jp,yokosuka,35.283611,139.667222,80.6,83.0,75.0,4.7,35.283611
jp,nisshin,35.165834000000004,136.963975,78.8,88.0,75.0,2.98,35.165834000000004
cn,taonan,45.333333,122.78333300000001,70.26,92.0,0.0,3.2,45.333333
us,visalia,36.3302778,-119.29111110000001,89.6,33.0,1.0,4.7,36.3302778
sn,louga,15.616666699999998,-16.216666699999998,87.54,38.0,64.0,8.79,15.616666699999998
br,aracruz,-19.816667000000002,-40.266667,84.2,54.0,0.0,12.75,19.816667000000002
us,arvada,39.8027778,-105.08694440000001,95.0,22.0,20.0,5.82,39.8027778
jp,kurashiki,34.583333,133.76666699999998,68.91,91.0,0.0,2.42,34.583333
cn,shancheng,34.795278,116.081667,74.94,92.0,0.0,1.97,34.795278
ar,parana,-31.731966999999997,-60.523802,54.87,75.0,0.0,9.46,31.731966999999997
us,palatine,42.1102778,-88.0341667,86.0,28.0,1.0,11.41,42.1102778
jp,ise,34.483333,136.7,78.8,88.0,20.0,4.7,34.483333
my,labuan,5.276667,115.24166699999999,77.0,100.0,90.0,2.24,5.276667
jp,hashima,35.328998999999996,136.680514,78.8,88.0,75.0,2.98,35.328998999999996
jp,ryugasaki,35.9,140.183333,80.6,100.0,75.0,3.36,35.9
in,tiruvannamalai,12.216667,79.06666700000001,77.1,83.0,80.0,10.69,12.216667
ng,igbo ora,7.433333,3.2833330000000003,79.62,85.0,76.0,4.99,7.433333
ir,qorveh,35.1664,47.8045,76.92,25.0,0.0,9.24,35.1664
es,fuengirola,36.543321999999996,-4.626904,84.2,48.0,0.0,3.36,36.543321999999996
ru,pushkin,59.722778000000005,30.414167,60.8,77.0,90.0,4.47,59.722778000000005
gb,bristol,51.45,-2.583333,75.2,43.0,0.0,8.05,51.45
cn,zhangzhou,24.513333,117.655556,82.4,78.0,0.0,11.18,24.513333
us,independence,39.091111100000006,-94.4152778,96.8,36.0,1.0,3.36,39.091111100000006
in,sardarshahr,28.433333,74.483333,93.75,45.0,100.0,2.53,28.433333
tw,taichung,24.143333300000002,120.6813889,78.8,88.0,90.0,17.22,24.143333300000002
id,pamekasan,-7.1568,113.4746,77.28,100.0,80.0,3.98,7.1568
ir,bushehr,28.9684,50.8385,93.2,34.0,0.0,4.7,28.9684
ru,kamensk-uralskiy,56.4185,61.9329,65.31,92.0,80.0,9.69,56.4185
in,titagarh,22.736389000000003,88.373611,80.6,88.0,40.0,3.36,22.736389000000003
in,vizianagaram,18.116667,83.416667,78.45,92.0,32.0,12.26,18.116667
cn,huangpu,23.053325,113.512148,84.2,74.0,40.0,11.18,23.053325
cn,zhongshan,22.520576000000002,113.382318,84.2,70.0,20.0,4.7,22.520576000000002
us,rochester,44.021666700000004,-92.4697222,78.8,50.0,40.0,6.93,44.021666700000004
us,manchester,42.9955556,-71.45527779999999,93.2,27.0,20.0,11.41,42.9955556
mx,villa de alvarez,19.25,-103.733333,84.2,62.0,75.0,3.09,19.25
cn,langxiang,46.95,128.883333,60.81,92.0,0.0,1.52,46.95
us,buena park,33.8675,-117.99722220000001,87.8,51.0,1.0,7.23,33.8675
ve,cagua,10.183333300000001,-67.45,84.2,79.0,75.0,6.93,10.183333300000001
us,temecula,33.4936111,-117.1475,89.6,83.0,75.0,6.93,33.4936111
my,melaka,2.1959999999999997,102.2405,77.0,88.0,75.0,4.65,2.1959999999999997
br,ipojuca,-8.4,-35.066666999999995,80.6,69.0,75.0,13.87,8.4
fr,vitry-sur-seine,48.787159,2.403322,68.0,49.0,0.0,12.75,48.787159
it,trapani,38.016667,12.483333,78.8,78.0,0.0,6.93,38.016667
ua,pryluky,50.593235,32.387614,73.14,58.0,76.0,5.44,50.593235
ru,ordzhonikidzevskaya,43.319502,45.049109,74.76,73.0,0.0,3.65,43.319502
bg,blagoevgrad,42.0166667,23.1,61.8,86.0,36.0,2.08,42.0166667
in,chamrajnagar,11.916667,76.95,66.93,98.0,88.0,6.22,11.916667
us,amarillo,35.2219444,-101.8308333,89.6,35.0,20.0,5.82,35.2219444
cn,botou,38.066666999999995,116.566667,72.51,85.0,92.0,6.44,38.066666999999995
id,depok,-7.696667,110.2175,80.6,83.0,40.0,3.36,7.696667
de,erfurt,50.983333,11.033333,57.2,82.0,75.0,6.93,50.983333
in,chittaurgarh,24.883333,74.633333,74.22,99.0,92.0,2.75,24.883333
jp,oi,35.851110999999996,139.51666699999998,68.73,95.0,8.0,2.42,35.851110999999996
ve,ocumare del tuy,10.121666699999999,-66.7716667,84.2,79.0,75.0,6.93,10.121666699999999
ru,murmansk,68.979174,33.092514,73.4,31.0,0.0,8.95,68.979174
us,aurora,41.7605556,-88.32,86.0,51.0,1.0,12.75,41.7605556
ro,arad,46.183333000000005,21.316667000000002,71.6,88.0,44.0,2.24,46.183333000000005
us,montgomery,32.3666667,-86.3,91.4,58.0,1.0,3.36,32.3666667
in,faizabad,26.783333000000002,82.133333,86.91,70.0,44.0,11.03,26.783333000000002
au,coffs harbour,-30.296260999999998,153.11351000000002,51.8,81.0,90.0,10.29,30.296260999999998
cn,yichun,27.833333000000003,114.4,58.11,90.0,0.0,2.08,27.833333000000003
br,francisco morato,-23.279503,-46.746403,64.4,71.0,90.0,6.93,23.279503
nl,zwolle,52.505751000000004,6.085822,66.2,52.0,40.0,12.75,52.505751000000004
cn,xihua,33.783333,114.516667,76.29,94.0,8.0,7.78,33.783333
cn,duobao,30.670005,112.689517,79.17,93.0,8.0,2.64,30.670005
cn,baiyin,36.558333000000005,104.208056,60.8,93.0,40.0,2.24,36.558333000000005
cn,zhaodong,46.083333,125.983333,68.0,88.0,0.0,2.24,46.083333
ng,ila,8.016667,4.9,76.29,90.0,68.0,8.01,8.016667
us,vacaville,38.3566667,-121.98666670000001,89.6,22.0,1.0,11.41,38.3566667
th,ban pong,13.816292,99.877392,77.37,88.0,92.0,7.0,13.816292
it,ancona,43.633333,13.5,80.6,39.0,20.0,5.82,43.633333
cn,dengfeng,34.455278,113.028056,71.88,99.0,92.0,3.2,34.455278
ao,namibe,-15.196110999999998,12.152222,72.15,93.0,0.0,10.8,15.196110999999998
ci,sinfra,6.621026,-5.911442,79.8,77.0,92.0,3.65,6.621026
in,mangaluru,12.863889,74.835278,80.6,83.0,75.0,8.05,12.863889
pk,muzaffargarh,30.07537,71.19212900000001,95.0,53.0,40.0,4.7,30.07537
in,kasaragod,12.5,75.0,80.6,83.0,75.0,8.05,12.5
us,centennial,39.5791667,-104.8763889,95.0,18.0,20.0,5.82,39.5791667
ru,gukovo,48.0242,39.8737,83.22,30.0,24.0,8.57,48.0242
ru,vyazma,55.210391,34.295076,67.11,69.0,64.0,4.21,55.210391
ru,chelyabinsk,55.15444399999999,61.429722,62.6,88.0,40.0,4.47,55.15444399999999
pe,huaral,-11.4975,-77.2033333,69.63,62.0,0.0,5.99,11.4975
us,long beach,33.76694439999999,-118.18833329999998,91.4,55.0,40.0,5.82,33.76694439999999
cn,yuncheng,35.598333000000004,115.934722,69.99,95.0,88.0,5.21,35.598333000000004
in,tikamgarh,24.745,78.8333,75.57,96.0,68.0,8.23,24.745
fr,drancy,48.925785,2.4453270000000003,68.0,48.0,0.0,6.93,48.925785
ve,maiquetia,10.6,-66.95,84.2,79.0,75.0,6.93,10.6
ug,arua,3.0191667,30.9308333,75.93,61.0,92.0,5.55,3.0191667
in,palghar,19.683332999999998,72.75,82.4,88.0,75.0,12.75,19.683332999999998
ca,calgary,51.083333,-114.08333300000001,62.6,87.0,90.0,11.41,51.083333
in,kashipur,29.216666999999998,78.95,74.49,91.0,68.0,2.19,29.216666999999998
in,basti,26.8,82.716667,87.36,69.0,44.0,10.69,26.8
in,dabhoi,22.183332999999998,73.43333299999999,79.35,85.0,88.0,11.59,22.183332999999998
in,parli,18.85,76.533333,72.51,94.0,92.0,12.26,18.85
mx,coatzacoalcos,18.15,-94.416667,82.4,88.0,40.0,11.41,18.15
gh,nungua,5.6,-0.0666667,78.8,83.0,20.0,12.75,5.6
br,itaborai,-22.75,-42.866667,64.4,93.0,90.0,9.17,22.75
es,jaen,37.772403999999995,-3.7901300000000004,89.6,18.0,20.0,11.41,37.772403999999995
de,wuppertal,51.266667,7.183333,68.0,45.0,75.0,14.99,51.266667
us,madera,36.961388899999996,-120.05972220000001,91.4,25.0,1.0,10.29,36.961388899999996
gh,ho,6.6,0.46666670000000005,78.63,91.0,76.0,4.54,6.6
br,itaquaquecetuba,-23.483333,-46.35,62.6,93.0,90.0,3.36,23.483333
us,rock hill,34.9247222,-81.0252778,89.6,31.0,40.0,9.17,34.9247222
id,tarogong,-7.056389,107.63666699999999,63.42,100.0,76.0,1.41,7.056389
id,banjarmasin,-3.333333,114.58333300000001,73.4,88.0,0.0,3.36,3.333333
in,tiruppur,11.1,77.35,71.6,94.0,75.0,16.11,11.1
ph,naga,13.6232,123.1841,80.07,90.0,92.0,15.61,13.6232
de,witten,51.433333000000005,7.3333330000000005,68.0,87.0,0.0,3.36,51.433333000000005
jp,gushikawa,26.354444,127.86861100000002,82.4,88.0,40.0,19.46,26.354444
ru,syzran,53.1585,48.4681,75.12,50.0,64.0,7.78,53.1585
in,hosur,12.716667,77.81666700000001,71.6,100.0,75.0,10.29,12.716667
tr,burdur,37.720278,30.290833000000003,78.8,38.0,20.0,3.76,37.720278
in,surat,20.966667,72.9,79.17,100.0,100.0,16.73,20.966667
it,afragola,40.916667,14.3,78.8,61.0,20.0,3.36,40.916667
pk,islamabad,33.69,73.0551,89.6,66.0,40.0,13.87,33.69
us,north little rock,34.7694444,-92.2669444,93.2,58.0,75.0,5.82,34.7694444
in,jagdalpur,19.066667000000002,82.033333,73.05,98.0,92.0,11.25,19.066667000000002
br,brasilia,-15.783332999999999,-47.916667,82.4,58.0,40.0,10.29,15.783332999999999
ng,modakeke,7.383333,4.266667,79.71,80.0,76.0,3.42,7.383333
in,motihari,26.65,84.916667,86.73,72.0,20.0,10.69,26.65
us,eden prairie,44.8547222,-93.4705556,78.8,61.0,1.0,9.17,44.8547222
us,olathe,38.8813889,-94.8188889,96.8,43.0,75.0,3.36,38.8813889
cn,hohhot,40.810556,111.652222,64.4,100.0,75.0,4.47,40.810556
in,dumraon,25.55,84.15,82.95,88.0,32.0,9.24,25.55
no,drammen,59.7425,10.211667,78.8,36.0,24.0,4.7,59.7425
ir,shahr-e babak,30.1165,55.1186,75.93,17.0,0.0,11.14,30.1165
de,freiburg,48.0,7.85,71.6,53.0,75.0,6.93,48.0
de,bonn,50.733333,7.1,68.0,87.0,75.0,17.22,50.733333
br,araraquara,-21.783333,-48.166667,63.06,72.0,12.0,4.54,21.783333
lv,jelgava,56.65,23.7127778,69.8,73.0,40.0,6.93,56.65
us,lincoln,40.8,-96.66666670000001,93.2,41.0,1.0,8.05,40.8
br,jaboticabal,-21.266667,-48.316666999999995,64.4,77.0,90.0,6.93,21.266667
br,barueri,-23.516667,-46.883333,64.4,71.0,90.0,6.93,23.516667
in,porbandar,21.633333,69.6,82.59,91.0,76.0,16.62,21.633333
cn,honghu,29.816667,113.46666699999999,81.6,86.0,0.0,2.75,29.816667
br,ijui,-28.383333,-53.916667000000004,56.04,87.0,20.0,7.45,28.383333
cn,bantou,25.443056,118.403333,77.19,68.0,8.0,3.53,25.443056
cn,xiazhen,34.802222,117.111667,76.92,94.0,68.0,11.03,34.802222
ph,pulilan,14.901667000000002,120.849167,78.8,94.0,75.0,4.7,14.901667000000002
th,rayong,12.668462,101.275503,82.4,65.0,40.0,11.41,12.668462
us,euless,32.83694439999999,-97.0816667,95.0,49.0,75.0,5.82,32.83694439999999
mx,monclova,26.9,-101.416667,84.2,42.0,40.0,6.93,26.9
us,new york,40.7141667,-74.0063889,93.2,33.0,1.0,4.7,40.7141667
bi,muyinga,-2.8494444,30.336111100000004,63.15,64.0,0.0,4.09,2.8494444
us,concord,35.4086111,-80.5797222,89.6,30.0,1.0,8.05,35.4086111
pk,chichawatni,30.533333000000002,72.7,90.87,59.0,0.0,4.54,30.533333000000002
cn,wangkui,46.833333,126.5,66.39,92.0,8.0,2.75,46.833333
us,taylorsville,40.667777799999996,-111.93805559999998,91.4,31.0,1.0,16.11,40.667777799999996
br,itaperuna,-21.2,-41.9,74.76,70.0,92.0,2.42,21.2
cr,san jose,9.933333,-84.083333,75.2,68.0,75.0,11.41,9.933333
ir,lar,27.6489,54.316,98.6,18.0,0.0,1.74,27.6489
br,colombo,-25.283333,-49.233333,55.4,58.0,75.0,5.82,25.283333
id,purbalingga,-7.388056,109.36388899999999,64.59,94.0,8.0,2.42,7.388056
nl,hilversum,52.231896,5.179876999999999,66.2,63.0,20.0,12.75,52.231896
in,kovilpatti,9.166667,77.866667,79.8,71.0,80.0,15.28,9.166667
in,anantnag,33.733333,75.15,60.72,95.0,92.0,1.52,33.733333
cz,teplice,50.646569,13.840138,60.8,82.0,20.0,3.36,50.646569
jp,sukagawa,37.283333,140.383333,68.55,97.0,76.0,2.53,37.283333
cn,yakeshi,49.283333,120.733333,62.97,78.0,24.0,10.13,49.283333
fr,rennes,48.111981,-1.674291,75.2,50.0,0.0,11.41,48.111981
sy,duma,33.5833333,36.4,82.4,21.0,0.0,20.8,33.5833333
in,ratnagiri,16.983333,73.3,76.02,100.0,92.0,17.63,16.983333
cn,laizhou,37.171667,119.92138899999999,74.04,100.0,88.0,6.78,37.171667
cn,zaozhuang,34.864722,117.55416699999999,75.12,95.0,56.0,9.8,34.864722
in,wanparti,16.366667,78.06666700000001,76.47,84.0,92.0,14.5,16.366667
in,contai,21.778610999999998,87.75361099999999,84.39,98.0,76.0,9.8,21.778610999999998
us,rocklin,38.790833299999996,-121.23472220000001,89.6,25.0,1.0,3.36,38.790833299999996
id,bangil,-7.5993,112.78399999999999,66.39,79.0,44.0,2.08,7.5993
tr,manisa,38.612018,27.426465000000004,78.8,50.0,0.0,20.8,38.612018
by,minsk,53.9,27.566666700000003,69.8,68.0,0.0,4.47,53.9
in,vidisha,23.533333,77.81666700000001,77.0,94.0,75.0,6.93,23.533333
cn,licheng,23.295537,113.82835700000001,75.03,86.0,0.0,2.64,23.295537
jp,fukaya,36.2,139.283333,77.0,83.0,75.0,2.53,36.2
gh,kumasi,6.6833333,-1.6166667,81.24,79.0,92.0,7.45,6.6833333
us,little rock,34.7463889,-92.28944440000001,91.4,58.0,75.0,5.82,34.7463889
ng,kaura namoda,12.589788,6.577914,84.12,62.0,8.0,5.55,12.589788
de,schweinfurt,50.05,10.233333,64.4,45.0,20.0,8.05,50.05
mw,zomba,-15.383333300000002,35.3333333,60.09,88.0,32.0,3.2,15.383333300000002
cn,jiangyin,31.928248999999997,120.31256699999999,81.42,82.0,36.0,11.14,31.928248999999997
in,madhavaram,13.149167000000002,80.23666700000001,84.2,74.0,40.0,5.82,13.149167000000002
br,carapicuiba,-23.516667,-46.833333,64.4,71.0,90.0,6.93,23.516667
us,pawtucket,41.8786111,-71.38305559999999,93.2,40.0,1.0,10.29,41.8786111
in,koch bihar,26.316667,89.43333299999999,79.71,94.0,80.0,2.19,26.316667
tr,nusaybin,37.077795,41.217797,89.6,11.0,0.0,9.17,37.077795
mk,tetovo,42.0105556,20.9713889,71.6,60.0,20.0,6.93,42.0105556
br,lins,-21.666667,-49.75,70.35,45.0,0.0,4.43,21.666667
ng,iwo,7.633333,4.183333,73.77,97.0,76.0,4.54,7.633333
jp,kasukabe,35.976389000000005,139.753611,80.6,83.0,75.0,4.7,35.976389000000005
co,sincelejo,9.304722,-75.397778,86.64,89.0,12.0,10.13,9.304722
rs,kragujevac,44.016667,20.916667,69.8,77.0,20.0,2.24,44.016667
it,carpi,44.783333,10.883333,84.2,48.0,20.0,5.82,44.783333
us,canton,40.798888899999994,-81.37861109999999,89.6,48.0,40.0,11.41,40.798888899999994
ng,kano,11.994354,8.513807,77.37,88.0,68.0,3.42,11.994354
nz,north shore,-36.8,174.75,50.0,87.0,92.0,5.82,36.8
in,sattenapalle,16.4,80.18333299999999,82.4,78.0,90.0,9.17,16.4
ru,neftekamsk,56.091991,54.27031899999999,67.92,74.0,56.0,5.66,56.091991
br,cabo frio,-22.883333,-42.016667,68.0,82.0,90.0,12.75,22.883333
us,berwyn,41.85055560000001,-87.79361109999999,87.8,74.0,1.0,12.75,41.85055560000001
pe,cusco,-13.518333300000002,-71.9780556,60.8,31.0,75.0,2.24,13.518333300000002
et,jijiga,9.35,42.8,65.4,66.0,0.0,8.23,9.35
cn,liancheng,21.646734,110.28171999999999,62.34,96.0,8.0,2.42,21.646734
cf,carnot,4.9333333,15.866666699999998,74.22,85.0,0.0,3.53,4.9333333
tr,giresun,40.91698,38.387406,68.55,91.0,0.0,1.63,40.91698
br,penapolis,-21.4,-50.066666999999995,70.35,45.0,0.0,4.43,21.4
br,castanhal,-1.3,-47.916667,86.0,66.0,75.0,10.29,1.3
za,pretoria,-25.706944,28.229444,57.2,62.0,20.0,5.82,25.706944
ir,naqadeh,36.9553,45.388000000000005,81.33,83.0,0.0,4.21,36.9553
nl,den helder,52.95614200000001,4.759368,64.4,68.0,0.0,11.41,52.95614200000001
jp,toyota,35.083333,137.15,78.8,88.0,75.0,1.74,35.083333
ug,gulu,2.7666667,32.305555600000005,65.85,95.0,88.0,2.75,2.7666667
cn,yichun,47.7,128.9,58.11,90.0,0.0,2.08,47.7
in,firozabad,27.15,78.416667,85.11,79.0,64.0,7.0,27.15
tw,puli,23.964722199999997,120.96722220000001,78.8,88.0,90.0,17.22,23.964722199999997
by,hrodna,53.681388899999995,23.8147222,70.89,70.0,36.0,3.09,53.681388899999995
mx,san nicolas de los garza,25.75,-100.3,84.2,51.0,40.0,12.75,25.75
hn,san pedro sula,15.5,-88.0333333,87.8,74.0,40.0,11.41,15.5
id,cileunyi,-6.793889,107.85194399999999,63.42,100.0,76.0,1.41,6.793889
tr,mus,38.74525,41.506929,66.93,77.0,32.0,2.19,38.74525
de,salzgitter,52.083333,10.333333,60.8,77.0,0.0,1.12,52.083333
de,gummersbach,51.033333,7.55,68.0,87.0,75.0,17.22,51.033333
us,turlock,37.4947222,-120.84555559999998,91.4,23.0,1.0,11.41,37.4947222
us,carol city,25.9402778,-80.2458333,91.4,52.0,40.0,5.82,25.9402778
in,sawai madhopur,25.983333,76.366667,76.47,95.0,76.0,5.99,25.983333
gn,kindia,10.066666699999999,-12.85,75.21,97.0,76.0,2.98,10.066666699999999
bo,la paz,-16.5,-68.15,57.2,22.0,40.0,8.05,16.5
id,purwodadi,-7.0868,110.9158,74.22,69.0,36.0,5.66,7.0868
tr,seydisehir,37.419256,31.845269000000002,67.11,50.0,0.0,2.08,37.419256
in,bilaspur,22.083333,82.15,78.45,95.0,100.0,5.44,22.083333
ng,ekpoma,6.742063000000001,6.139003,78.99,76.0,36.0,7.45,6.742063000000001
gb,salford,53.483332999999995,-2.266667,73.4,35.0,24.0,8.05,53.483332999999995
no,stavanger,58.966667,5.75,64.4,63.0,0.0,5.82,58.966667
us,san juan,18.4683333,-66.1061111,93.2,44.0,40.0,6.93,18.4683333
id,curug,-6.2533330000000005,106.617222,72.15,93.0,8.0,8.57,6.2533330000000005
de,potsdam,52.4,13.066667,64.4,59.0,75.0,5.82,52.4
pl,dabrowa gornicza,50.326206,19.224381,62.6,93.0,88.0,3.36,50.326206
cn,anshan,41.123611,122.99,74.76,82.0,56.0,8.12,41.123611
ir,kerman,30.283209000000003,57.078790000000005,62.34,23.0,0.0,4.99,30.283209000000003
br,parnamirim,-5.9166669999999995,-35.25,72.51,100.0,92.0,4.65,5.9166669999999995
ve,punta cardon,11.658055599999999,-70.215,95.19,47.0,8.0,17.18,11.658055599999999
gt,san juan sacatepequez,14.718889,-90.64416700000001,73.4,60.0,40.0,23.04,14.718889
bj,djougou,9.705,1.6669444,73.4,83.0,20.0,3.36,9.705
in,lalitpur,24.683332999999998,78.416667,75.57,96.0,68.0,8.23,24.683332999999998
ph,ormoc,11.006389,124.6075,80.34,94.0,56.0,6.11,11.006389
ci,bouake,7.693846000000001,-5.030307,80.6,78.0,40.0,2.24,7.693846000000001
in,khatauli,29.283333000000002,77.716667,77.55,95.0,64.0,3.42,29.283333000000002
jp,kodaira,35.726389000000005,139.48388899999998,80.6,83.0,75.0,2.53,35.726389000000005
in,guntakal,15.166667000000002,77.383333,74.58,80.0,64.0,13.82,15.166667000000002
uz,angren,41.0166667,70.14361109999999,65.4,35.0,0.0,2.53,41.0166667
uz,nukus,42.453055600000006,59.61027779999999,86.0,22.0,0.0,6.93,42.453055600000006
ru,volgograd,48.719390000000004,44.501835,80.6,32.0,0.0,8.95,48.719390000000004
mx,guanajuato,21.016667,-101.25,69.8,60.0,75.0,6.78,21.016667
cn,zhongshu,24.516667,103.766667,63.24,97.0,92.0,2.64,24.516667
us,stockton,37.9577778,-121.2897222,87.8,25.0,1.0,8.05,37.9577778
in,ghaziabad,28.666666999999997,77.43333299999999,89.6,66.0,75.0,13.87,28.666666999999997
ro,alba iulia,46.066666999999995,23.583333,68.0,100.0,75.0,9.17,46.066666999999995
in,hubli,15.35,75.166667,69.18,98.0,92.0,14.05,15.35
jp,otawara,36.866667,140.033333,70.35,97.0,64.0,2.53,36.866667
br,santo angelo,-28.3,-54.266667000000005,56.04,87.0,20.0,7.45,28.3
jp,chiryu,35.0,137.033333,78.8,88.0,75.0,2.42,35.0
es,burgos,42.350221000000005,-3.6752730000000002,73.4,49.0,20.0,11.41,42.350221000000005
us,anaheim,33.8352778,-117.9136111,89.6,69.0,75.0,6.93,33.8352778
mz,maxixe,-23.859722199999997,35.3472222,68.37,98.0,68.0,8.79,23.859722199999997
bz,belize,17.4833333,-88.1833333,87.8,74.0,20.0,13.87,17.4833333
ru,klin,56.333332999999996,36.733333,64.4,88.0,75.0,8.95,56.333332999999996
us,somerville,42.3875,-71.1,89.6,62.0,75.0,3.76,42.3875
ve,el limon,10.309166699999999,-67.6325,78.09,78.0,76.0,6.11,10.309166699999999
us,san rafael,37.97361110000001,-122.53,89.6,30.0,1.0,5.82,37.97361110000001
cz,plzen,49.75,13.366667000000001,60.8,87.0,90.0,4.99,49.75
cn,luoyang,34.683611,112.45361100000001,71.07,98.0,92.0,6.78,34.683611
id,barabai,-2.583333,115.38333300000001,73.59,94.0,68.0,1.63,2.583333
in,shahabad,17.133333,76.93333299999999,75.75,79.0,80.0,14.72,17.133333
fr,montreuil,48.864151,2.443218,68.0,48.0,0.0,6.93,48.864151
td,sarh,9.15,18.3833333,87.8,62.0,0.0,2.98,9.15
ru,magadan,59.566667,150.8,53.6,93.0,20.0,4.47,59.566667
hu,nagykanizsa,46.514167,16.971667,75.39,77.0,76.0,3.42,46.514167
cn,zhicheng,30.295556,111.504722,72.87,99.0,92.0,6.44,30.295556
tr,ercis,39.028688,43.358636,71.6,40.0,0.0,3.36,39.028688
cn,lanxi,29.219459999999998,119.47695300000001,78.81,76.0,0.0,7.56,29.219459999999998
gb,bury,53.6,-2.3,73.4,35.0,24.0,8.05,53.6
pa,colon,9.3591667,-79.90138890000001,86.0,79.0,40.0,6.93,9.3591667
jp,kumagaya,36.133333,139.383333,77.0,83.0,75.0,2.53,36.133333
in,neyveli,11.533333,79.483333,82.41,65.0,92.0,18.07,11.533333
br,abreu e lima,-7.9,-34.883333,80.6,69.0,75.0,13.87,7.9
ng,gboko,7.3179,8.9951,80.61,76.0,20.0,8.23,7.3179
id,cisaat,-6.775278,106.77138899999999,75.75,100.0,8.0,4.09,6.775278
jp,hakodate,41.775833,140.73666699999998,60.54,100.0,92.0,1.97,41.775833
cn,shitanjing,39.234167,106.34388899999999,57.39,82.0,12.0,2.08,39.234167
it,portici,40.816666999999995,14.333332999999998,78.8,61.0,20.0,3.36,40.816666999999995
br,teresina,-5.0833330000000005,-42.816666999999995,91.4,52.0,40.0,5.82,5.0833330000000005
in,siwan,26.216666999999998,84.366667,82.95,85.0,44.0,10.58,26.216666999999998
hr,pula,44.868333299999996,13.848055599999999,78.8,60.0,0.0,5.82,44.868333299999996
cn,tieling,42.293056,123.84138899999999,73.59,78.0,68.0,8.57,42.293056
in,abu road,24.483333,72.783333,85.56,72.0,48.0,4.65,24.483333
ng,numan,9.466667,12.033333,78.63,88.0,56.0,6.78,9.466667
my,semenyih,2.9516,101.84299999999999,78.8,88.0,75.0,1.07,2.9516
us,jacksonville,34.7538889,-77.4305556,91.4,46.0,40.0,8.05,34.7538889
us,ames,42.0347222,-93.61972220000001,89.6,62.0,40.0,6.93,42.0347222
th,surat thani,9.140108999999999,99.333114,78.45,87.0,92.0,7.78,9.140108999999999
tn,masakin,35.729172999999996,10.58082,89.6,65.0,0.0,11.41,35.729172999999996
cn,yanggu,36.110556,115.775278,73.05,81.0,0.0,1.74,36.110556
za,port shepstone,-30.741369,30.454991999999997,64.41,90.0,0.0,5.1,30.741369
gb,batley,53.7,-1.616667,73.4,52.0,0.0,9.17,53.7
gb,stevenage,51.916667,-0.216667,71.6,59.0,8.0,9.17,51.916667
de,pulheim,51.0,6.8,68.0,87.0,40.0,19.46,51.0
br,itabira,-19.616667,-43.216667,80.6,34.0,40.0,5.82,19.616667
ua,kolomyya,48.531152,25.036487,73.4,64.0,0.0,4.43,48.531152
us,hempstead,40.7061111,-73.61916670000001,93.2,43.0,1.0,13.87,40.7061111
us,janesville,42.6827778,-89.01861109999999,86.0,39.0,1.0,4.7,42.6827778
us,brookline,42.3316667,-71.1216667,93.2,30.0,20.0,9.17,42.3316667
ru,tver,56.860491,35.876027,66.39,85.0,80.0,6.11,56.860491
cn,zhangjiakou,40.81,114.87944399999999,64.32,84.0,92.0,6.11,40.81
fr,limoges,45.831534000000005,1.2578049999999998,73.4,53.0,0.0,5.82,45.831534000000005
br,marilia,-22.216667,-49.933333000000005,102.2,18.0,40.0,5.82,22.216667
ru,bugulma,54.5378,52.7985,69.99,61.0,68.0,7.78,54.5378
py,pedro juan caballero,-22.566667000000002,-55.61666700000001,59.0,51.0,0.0,11.41,22.566667000000002
ir,neyshabur,36.213288,58.79575500000001,78.27,31.0,0.0,9.57,36.213288
cn,alihe,50.566666999999995,123.71666699999999,52.35,84.0,44.0,2.19,50.566666999999995
ng,ogaminana,7.6004,6.2014,75.39,93.0,48.0,5.77,7.6004
bg,gabrovo,42.8747222,25.334166699999997,68.0,100.0,20.0,2.24,42.8747222
au,launceston,-41.438759000000005,147.134674,37.4,93.0,76.0,5.82,41.438759000000005
cn,jijiang,29.290556,106.254167,82.4,83.0,40.0,11.18,29.290556
br,santa rita,-7.133333,-34.966667,75.12,100.0,92.0,12.15,7.133333
ua,torez,48.038762,38.596854,83.85,30.0,8.0,6.67,48.038762
ua,poltava,49.593727,34.540733,78.81,41.0,36.0,7.11,49.593727
pl,radom,51.400963,21.158089999999998,78.72,33.0,92.0,3.98,51.400963
br,vicosa,-20.75,-42.883333,78.0,48.0,88.0,4.09,20.75
us,farmington hills,42.4852778,-83.3772222,86.0,28.0,40.0,10.29,42.4852778
id,kebumen,-7.323333,109.60083300000001,72.15,93.0,8.0,8.57,7.323333
us,daytona beach,29.210555600000003,-81.02305559999999,89.6,55.0,40.0,4.7,29.210555600000003
ar,comodoro rivadavia,-45.864135,-67.496558,59.0,47.0,0.0,10.29,45.864135
my,kota kinabalu,5.9749,116.0724,78.8,78.0,75.0,4.7,5.9749
in,ranibennur,14.616667000000001,75.616667,69.9,97.0,92.0,13.15,14.616667000000001
jp,chichibu,35.990278,139.07638899999998,77.0,83.0,75.0,2.53,35.990278
it,pozzuoli,40.816666999999995,14.116667000000001,78.8,61.0,20.0,3.36,40.816666999999995
br,angra dos reis,-23.0,-44.3,64.4,88.0,90.0,19.46,23.0
us,tulare,36.2077778,-119.3463889,87.8,33.0,1.0,4.7,36.2077778
in,hindupur,13.828889000000002,77.49333299999999,69.27,94.0,56.0,11.25,13.828889000000002
in,jharia,23.75,86.4,79.17,94.0,76.0,4.21,23.75
jp,sakura,35.716667,140.23333300000002,70.35,97.0,64.0,2.53,35.716667
jp,yonezawa,37.916667,140.116667,68.82,97.0,68.0,2.19,37.916667
bd,nawabganj,24.6,88.2833333,81.78,90.0,92.0,8.01,24.6
gb,leeds,53.8,-1.583333,73.4,52.0,0.0,9.17,53.8
cn,huainan,32.626389,116.996944,79.62,84.0,8.0,10.8,32.626389
in,alandur,13.0025,80.20611099999999,84.2,74.0,40.0,5.82,13.0025
mx,minatitlan,17.983333,-94.516667,91.4,62.0,75.0,3.09,17.983333
br,matao,-21.583333,-48.366667,66.93,52.0,8.0,4.76,21.583333
pl,myslowice,50.236209,19.141123,62.6,93.0,88.0,3.36,50.236209
br,fernandopolis,-20.266667,-50.233333,67.92,54.0,0.0,6.22,20.266667
br,caraguatatuba,-23.616667,-45.416667,57.2,82.0,90.0,9.17,23.616667
ru,balashov,51.5502,43.1667,75.03,44.0,0.0,6.22,51.5502
mx,teziutlan,19.816667000000002,-97.35,68.82,79.0,56.0,2.42,19.816667000000002
jp,fukuchiyama,35.3,135.116667,67.2,93.0,8.0,2.42,35.3
us,dale city,38.6369444,-77.31138890000001,93.2,38.0,1.0,3.36,38.6369444
br,maua,-23.666667,-46.45,62.6,76.0,90.0,8.05,23.666667
no,oslo,59.916667000000004,10.75,77.0,36.0,48.0,4.7,59.916667000000004
ru,perm,58.00928199999999,56.284063,62.6,100.0,40.0,2.24,58.00928199999999
in,kuchaman,27.15,74.85,93.93,40.0,92.0,3.98,27.15
in,unnao,26.533333000000002,80.5,89.6,66.0,40.0,6.93,26.533333000000002
cl,santiago,-33.45,-70.666667,46.4,87.0,90.0,3.36,33.45
ru,bor,56.358078000000006,44.074771999999996,66.2,93.0,40.0,6.71,56.358078000000006
cn,zhaotong,27.316667,103.716667,62.61,99.0,32.0,2.42,27.316667
ci,seguela,7.961111,-6.673056,80.97,81.0,32.0,6.22,7.961111
pl,bialystok,53.13333299999999,23.15,71.34,64.0,48.0,4.43,53.13333299999999
cn,xinyang,32.095833,114.120278,76.29,96.0,0.0,3.42,32.095833
cn,lianzhou,21.668198,109.16946000000002,70.89,91.0,0.0,2.64,21.668198
in,firozpur,30.916666999999997,74.6,91.4,75.0,20.0,5.82,30.916666999999997
sv,usulutan,13.35,-88.45,96.8,38.0,0.0,4.7,13.35
ru,tobolsk,58.2,68.266667,69.99,78.0,24.0,4.21,58.2
br,cascavel,-24.95,-53.466667,58.65,65.0,0.0,6.67,24.95
pk,sukkur,27.705164,68.857383,97.71,38.0,0.0,13.49,27.705164
cn,chuncheng,22.166667,111.78333300000001,71.52,95.0,0.0,1.07,22.166667
us,laredo,27.506111100000002,-99.5072222,93.2,38.0,40.0,11.41,27.506111100000002
cl,talagante,-33.666667,-70.93333299999999,53.6,93.0,90.0,5.82,33.666667
ng,owerri,5.483333,7.030407,78.36,87.0,88.0,5.55,5.483333
ng,eruwa,7.533333,3.416667,77.01,94.0,88.0,4.76,7.533333
pt,setubal,38.533333,-8.9,73.4,77.0,20.0,6.93,38.533333
cu,sancti spiritus,21.929722199999997,-79.4425,92.04,53.0,0.0,14.05,21.929722199999997
cf,mbaiki,3.8833333,18.0,79.8,69.0,76.0,0.96,3.8833333
us,gilbert,33.3527778,-111.78833329999999,78.8,47.0,1.0,5.44,33.3527778
us,lakeville,44.6497222,-93.2425,93.2,36.0,1.0,10.29,44.6497222
jp,ube,33.943056,131.251111,77.0,69.0,40.0,13.87,33.943056
us,chattanooga,35.04555560000001,-85.30972220000001,91.4,43.0,40.0,5.82,35.04555560000001
jp,sennan,34.348349,135.26842,77.0,88.0,0.0,4.7,34.348349
gb,walsall,52.6,-2.0,71.6,43.0,0.0,6.93,52.6
ru,kropotkin,45.4375,40.575556,88.44,31.0,0.0,7.56,45.4375
nl,emmen,52.792471,6.894744,64.4,52.0,80.0,11.41,52.792471
ng,kaduna,10.522239,7.438280000000001,77.37,81.0,36.0,4.54,10.522239
za,rustenburg,-25.667562,27.242078999999997,44.07,87.0,0.0,2.08,25.667562
cn,kaiyuan,23.697668,103.303723,70.71,82.0,12.0,6.67,23.697668
nl,spijkenisse,51.841105,4.315098,66.2,77.0,20.0,13.87,51.841105
us,cathedral city,33.7797222,-116.46444440000002,91.4,52.0,90.0,3.36,33.7797222
cn,luoyang,24.959379000000002,118.682998,71.07,98.0,92.0,6.78,24.959379000000002
mw,lilongwe,-13.983333300000002,33.783333299999995,61.08,72.0,36.0,5.66,13.983333300000002
es,santa cruz de tenerife,28.460238,-16.280616000000002,80.6,78.0,20.0,12.75,28.460238
mg,antananarivo,-18.9166667,47.5166667,53.6,81.0,20.0,6.93,18.9166667
br,alagoinhas,-12.116667,-38.433333000000005,73.14,95.0,100.0,7.23,12.116667
za,graaff-reinet,-32.25,24.55,47.49,70.0,48.0,3.09,32.25
cn,jiexiu,37.024444,111.9125,64.77,96.0,92.0,2.75,37.024444
do,moca,19.4166667,-70.5666667,84.2,83.0,75.0,18.34,19.4166667
co,apartado,7.866667,-76.666667,86.0,74.0,75.0,5.82,7.866667
ng,makurdi,7.7411,8.5121,81.42,83.0,20.0,3.76,7.7411
ar,trelew,-43.250075,-65.313295,58.29,48.0,32.0,16.28,43.250075
it,lecce,40.383333,18.183332999999998,82.4,69.0,0.0,2.24,40.383333
ru,kaliningrad,54.706493,20.510951000000002,68.0,72.0,0.0,6.71,54.706493
ir,abadan,30.3392,48.3043,104.0,12.0,0.0,13.87,30.3392
tw,lukang,24.055,120.4338889,78.8,88.0,90.0,17.22,24.055
in,jaisalmer,26.916666999999997,70.9,95.1,42.0,0.0,10.69,26.916666999999997
it,chioggia,45.225556,12.288889,84.2,65.0,40.0,4.7,45.225556
mk,prilep,41.346388899999994,21.554444399999998,71.6,60.0,20.0,6.93,41.346388899999994
cn,fuyang,30.053333000000002,119.951944,78.72,95.0,24.0,4.21,30.053333000000002
se,lund,55.7,13.183333,68.0,82.0,40.0,9.17,55.7
id,kediri,-7.816667,112.016667,67.65,92.0,80.0,5.21,7.816667
pa,las cumbres,9.083333300000001,-79.5333333,87.8,70.0,40.0,5.82,9.083333300000001
ve,los dos caminos,10.2372222,-66.6833333,84.2,79.0,75.0,6.93,10.2372222
us,mount pleasant,32.7938889,-79.86277779999999,93.2,40.0,1.0,4.76,32.7938889
us,plantation,26.1272222,-80.2333333,91.4,49.0,40.0,3.36,26.1272222
mm,sagaing,21.8666667,95.9833333,77.64,82.0,80.0,11.48,21.8666667
cn,jiaxing,30.752197999999996,120.749997,82.4,83.0,40.0,11.18,30.752197999999996
ph,tacloban,11.243333,125.004722,81.33,100.0,56.0,4.99,11.243333
cl,buin,-33.733333,-70.75,46.4,87.0,90.0,3.36,33.733333
gb,runcorn,53.333332999999996,-2.75,73.4,52.0,0.0,10.29,53.333332999999996
in,gulbarga,17.333333,76.833333,75.75,79.0,80.0,14.72,17.333333
in,ballia,25.75,84.166667,82.95,88.0,32.0,9.24,25.75
fr,montpellier,43.61092,3.8772300000000004,87.8,39.0,0.0,9.17,43.61092
ec,ambato,-1.25,-78.6166667,66.2,59.0,75.0,9.17,1.25
de,oldenburg,53.166667000000004,8.2,66.2,67.0,40.0,9.17,53.166667000000004
jp,shijonawate,34.733333,135.683333,77.0,88.0,8.0,4.7,34.733333
nz,auckland,-36.866667,174.76666699999998,50.0,87.0,92.0,5.82,36.866667
cn,linqu,36.515556,118.539722,69.9,95.0,76.0,2.98,36.515556
de,ibbenburen,52.266667,7.733333,64.4,52.0,20.0,11.41,52.266667
id,kuningan,-6.975833000000001,108.483056,69.54,85.0,44.0,3.76,6.975833000000001
cm,bertoua,4.5833333,13.683333300000001,75.21,80.0,24.0,3.65,4.5833333
br,santa cruz do capibaribe,-7.95,-36.2,79.26,60.0,92.0,11.81,7.95
jp,hidaka,35.916637,139.362331,80.6,83.0,75.0,2.53,35.916637
cn,xinglongshan,43.956111,125.46611100000001,71.6,88.0,0.0,4.47,43.956111
us,odessa,31.845555600000004,-102.3672222,86.0,55.0,0.0,9.17,31.845555600000004
eg,dekernes,31.0883333,31.596944399999995,79.17,83.0,0.0,8.46,31.0883333
id,bojonegoro,-7.1502,111.8817,73.41,72.0,32.0,5.44,7.1502
jp,shiki,35.833333,139.583333,80.6,83.0,75.0,4.76,35.833333
de,moers,51.45,6.65,68.0,45.0,75.0,14.99,51.45
cn,jinxiang,27.432654,120.60625,76.92,94.0,12.0,10.02,27.432654
ru,yelabuga,55.761274,52.064931,66.2,82.0,40.0,4.47,55.761274
us,bethesda,38.9805556,-77.10055559999999,93.2,46.0,40.0,4.7,38.9805556
br,sao jose do rio preto,-20.8,-49.383333,69.8,35.0,0.0,9.17,20.8
us,toledo,41.663888899999996,-83.5552778,89.6,54.0,90.0,5.82,41.663888899999996
es,ferrol,43.483213,-8.236892999999998,78.8,61.0,0.0,6.93,43.483213
ru,serov,59.483332999999995,60.516667000000005,63.87,95.0,32.0,3.2,59.483332999999995
in,itarsi,22.616667,77.75,78.99,83.0,44.0,12.48,22.616667
dk,arhus,56.153423,10.225530000000001,73.4,49.0,24.0,5.82,56.153423
za,brakpan,-26.236561,28.369378,57.2,62.0,20.0,5.82,26.236561
ng,abonnema,4.708438,6.793071,78.36,80.0,92.0,7.67,4.708438
vn,bien hoa,10.95,106.816667,78.8,100.0,75.0,6.93,10.95
cn,luyang,33.735638,112.90508500000001,80.6,100.0,0.0,4.47,33.735638
cn,fenyi,27.811165999999997,114.668047,78.27,90.0,12.0,3.65,27.811165999999997
nl,hoorn,52.649035,5.063112,66.2,68.0,0.0,11.41,52.649035
za,barberton,-25.788422,31.053194,59.0,58.0,20.0,6.93,25.788422
tr,soma,39.185534999999994,27.609448999999998,82.4,51.0,40.0,10.29,39.185534999999994
th,uttaradit,17.625572000000002,100.09420899999999,73.5,99.0,88.0,3.98,17.625572000000002
za,brits,-25.634731,27.780224,57.2,62.0,20.0,5.82,25.634731
pk,mirpur khas,25.5251,69.0159,93.03,50.0,44.0,15.5,25.5251
us,bolingbrook,41.6986111,-88.06833329999999,87.8,62.0,1.0,10.29,41.6986111
au,rockhampton,-23.38032,150.505951,53.6,81.0,0.0,4.7,23.38032
in,dewas,22.966667,76.06666700000001,75.2,94.0,40.0,6.93,22.966667
ng,asaba,6.200643,6.733845,81.78,80.0,76.0,10.58,6.200643
sd,khartoum,15.588055599999999,32.5341667,93.2,36.0,0.0,11.41,15.588055599999999
ru,birobidzhan,48.8,132.95,60.18,95.0,0.0,2.53,48.8
ru,bratsk,56.1497,101.6085,50.0,100.0,20.0,2.24,56.1497
us,moreno valley,33.9375,-117.22972220000001,89.6,38.0,75.0,1.97,33.9375
us,fort worth,32.7252778,-97.32055559999999,95.0,49.0,75.0,5.82,32.7252778
us,minnetonka,44.9133333,-93.5030556,78.8,61.0,1.0,9.17,44.9133333
fr,beziers,43.345287,3.2223740000000003,87.8,29.0,0.0,12.75,43.345287
us,arcadia,34.1397222,-118.03444440000001,89.6,51.0,1.0,5.82,34.1397222
us,deerfield beach,26.318055600000005,-80.1,91.4,59.0,75.0,12.75,26.318055600000005
fr,ajaccio,41.927226,8.734619,86.0,69.0,0.0,6.93,41.927226
pk,pano aqil,27.856848,69.111564,97.71,38.0,0.0,13.49,27.856848
ua,vinnytsya,49.232776,28.480968,69.18,74.0,76.0,4.21,49.232776
sa,tabuk,28.399804,36.571505,95.0,11.0,0.0,3.36,28.399804
in,jalaun,26.1451,79.3366,86.55,71.0,68.0,7.78,26.1451
pk,bahawalpur,29.4,71.68333299999999,91.32,45.0,0.0,9.24,29.4
us,wichita falls,33.913611100000004,-98.4930556,91.4,46.0,75.0,4.7,33.913611100000004
cz,chomutov,50.463532,13.41365,57.2,87.0,40.0,4.7,50.463532
cn,chengzihe,45.333333,131.066667,60.54,93.0,0.0,2.19,45.333333
jp,miura,35.14,139.619167,80.6,83.0,75.0,4.7,35.14
cn,mianyang,31.459339,104.754235,73.14,96.0,100.0,9.69,31.459339
